{
  "algorithm": "MAPPO",
  "num_iterations": 10,
  "num_steps_per_iter": 50,
  "num_envs": 4,
  "total_time": 6.450224161148071,
  "rewards": [
    0.0,
    0.0,
    0.0,
    0.0,
    0.0,
    0.0,
    0.0,
    0.0,
    0.0,
    0.0
  ],
  "metrics": [
    {
      "iteration": 0,
      "avg_reward": 0.0,
      "metrics": {
        "agent_0": {
          "total_loss": -0.02077546129003167,
          "policy_loss": -0.018483040090650604,
          "value_loss": 0.05216366276144981,
          "entropy": 2.8374253273010255
        },
        "agent_1": {
          "total_loss": -0.03393983952701092,
          "policy_loss": -0.011662225920008495,
          "value_loss": 0.0122124963440001,
          "entropy": 2.8383862495422365
        },
        "agent_2": {
          "total_loss": -0.026858622580766676,
          "policy_loss": -0.0049479093169793485,
          "value_loss": 0.012979387305676937,
          "entropy": 2.840040755271912
        },
        "agent_3": {
          "total_loss": -0.00026523973792791367,
          "policy_loss": 0.02032834170386195,
          "value_loss": 0.015672579780220984,
          "entropy": 2.8429871797561646
        }
      }
    },
    {
      "iteration": 1,
      "avg_reward": 0.0,
      "metrics": {
        "agent_0": {
          "total_loss": -0.03805501824244857,
          "policy_loss": -0.016259287267457623,
          "value_loss": 0.013291840441524982,
          "entropy": 2.8441651582717897
        },
        "agent_1": {
          "total_loss": -0.009479925502091646,
          "policy_loss": 0.017599994456395505,
          "value_loss": 0.002691249514464289,
          "entropy": 2.842554545402527
        },
        "agent_2": {
          "total_loss": -0.015715018007904293,
          "policy_loss": 0.010353462194325402,
          "value_loss": 0.0047345995670184495,
          "entropy": 2.843578052520752
        },
        "agent_3": {
          "total_loss": 0.006300142407417298,
          "policy_loss": 0.028530102223157883,
          "value_loss": 0.012518214154988527,
          "entropy": 2.8489067554473877
        }
      }
    },
    {
      "iteration": 2,
      "avg_reward": 0.0,
      "metrics": {
        "agent_0": {
          "total_loss": -0.03470014482736587,
          "policy_loss": -0.01798775997757911,
          "value_loss": 0.023633136320859192,
          "entropy": 2.8528953790664673
        },
        "agent_1": {
          "total_loss": -0.04160311371088028,
          "policy_loss": -0.019927022093907,
          "value_loss": 0.013752920925617218,
          "entropy": 2.8552552700042724
        },
        "agent_2": {
          "total_loss": -0.015313748829066753,
          "policy_loss": 0.00940108154900372,
          "value_loss": 0.0076758858747780325,
          "entropy": 2.855277395248413
        },
        "agent_3": {
          "total_loss": -0.01750763263553381,
          "policy_loss": 0.003338067628646968,
          "value_loss": 0.015461903903633356,
          "entropy": 2.8576653003692627
        }
      }
    },
    {
      "iteration": 3,
      "avg_reward": 0.0,
      "metrics": {
        "agent_0": {
          "total_loss": -0.03529591392725706,
          "policy_loss": -0.008666037560440643,
          "value_loss": 0.0039643136551603675,
          "entropy": 2.861203360557556
        },
        "agent_1": {
          "total_loss": -0.04291547760367394,
          "policy_loss": -0.014927052613347768,
          "value_loss": 0.0013137335481587797,
          "entropy": 2.864529252052307
        },
        "agent_2": {
          "total_loss": 0.03152358755469322,
          "policy_loss": 0.05816927775740623,
          "value_loss": 0.004034364805556833,
          "entropy": 2.86628737449646
        },
        "agent_3": {
          "total_loss": 0.01530936025083065,
          "policy_loss": 0.04231953043490648,
          "value_loss": 0.0033590496866963806,
          "entropy": 2.8689696311950685
        }
      }
    },
    {
      "iteration": 4,
      "avg_reward": 0.0,
      "metrics": {
        "agent_0": {
          "total_loss": -0.03964379020035267,
          "policy_loss": -0.012557756250374918,
          "value_loss": 0.0032627368927933276,
          "entropy": 2.8717402696609495
        },
        "agent_1": {
          "total_loss": -0.03382201623171568,
          "policy_loss": -0.007510574744082987,
          "value_loss": 0.0047516420017927885,
          "entropy": 2.8687263250350954
        },
        "agent_2": {
          "total_loss": -0.00410528089851141,
          "policy_loss": 0.023149721836671234,
          "value_loss": 0.0028566141263581812,
          "entropy": 2.868331050872803
        },
        "agent_3": {
          "total_loss": -0.006227246113121509,
          "policy_loss": 0.021888608299195766,
          "value_loss": 0.0011475976323708891,
          "entropy": 2.868965411186218
        }
      }
    },
    {
      "iteration": 5,
      "avg_reward": 0.0,
      "metrics": {
        "agent_0": {
          "total_loss": -0.04455588161945343,
          "policy_loss": -0.016884581953287105,
          "value_loss": 0.0020770851988345385,
          "entropy": 2.8709843158721924
        },
        "agent_1": {
          "total_loss": -0.016942779626697303,
          "policy_loss": 0.01137717543169856,
          "value_loss": 0.0008417756529524922,
          "entropy": 2.8740843534469604
        },
        "agent_2": {
          "total_loss": -0.010973667073994876,
          "policy_loss": 0.01737478144932538,
          "value_loss": 0.000867950014071539,
          "entropy": 2.8782424211502073
        },
        "agent_3": {
          "total_loss": -0.019642286002635956,
          "policy_loss": 0.008753624279052019,
          "value_loss": 0.0008840229478664696,
          "entropy": 2.883792281150818
        }
      }
    },
    {
      "iteration": 6,
      "avg_reward": 0.0,
      "metrics": {
        "agent_0": {
          "total_loss": -0.036184221133589746,
          "policy_loss": -0.007550033580977456,
          "value_loss": 0.0004892472410574555,
          "entropy": 2.8878812074661253
        },
        "agent_1": {
          "total_loss": -0.03679420724511147,
          "policy_loss": -0.008147823698527646,
          "value_loss": 0.000477663372294046,
          "entropy": 2.8885215759277343
        },
        "agent_2": {
          "total_loss": -0.022618506290018558,
          "policy_loss": 0.006164785381406546,
          "value_loss": 0.00019547680894902442,
          "entropy": 2.8881030559539793
        },
        "agent_3": {
          "total_loss": -0.011004212498664855,
          "policy_loss": 0.017748559918254615,
          "value_loss": 0.00031022080220282077,
          "entropy": 2.8907883644104
        }
      }
    },
    {
      "iteration": 7,
      "avg_reward": 0.0,
      "metrics": {
        "agent_0": {
          "total_loss": -0.03669896088540554,
          "policy_loss": -0.008274126240983648,
          "value_loss": 0.0009687250189017504,
          "entropy": 2.8909197807312013
        },
        "agent_1": {
          "total_loss": -0.01273061651736498,
          "policy_loss": 0.015702847251668574,
          "value_loss": 0.0009469351440202445,
          "entropy": 2.890693211555481
        },
        "agent_2": {
          "total_loss": -0.026289100758731365,
          "policy_loss": 0.0025358648512337823,
          "value_loss": 0.00020430028162081725,
          "entropy": 2.892711639404297
        },
        "agent_3": {
          "total_loss": -0.0160796657204628,
          "policy_loss": 0.012481537461280823,
          "value_loss": 0.0008204535988625139,
          "entropy": 2.8971429824829102
        }
      }
    },
    {
      "iteration": 8,
      "avg_reward": 0.0,
      "metrics": {
        "agent_0": {
          "total_loss": -0.037813366204500196,
          "policy_loss": -0.009126458186190511,
          "value_loss": 0.0006715732102748007,
          "entropy": 2.9022695302963255
        },